id,coef,HR,HR.95L,HR.95H,pvalue
  FER,-0.045311187,0.955700034,0.928210272,0.984003929,0.002343414